﻿<?xml version="1.0" encoding="utf-8"?>
<restaurants
	xmlns:xsd="http://www.w3.org/2001/XMLSchema"
	xmlns:xsi="http://www.w3.org/2001/XMLSchema-instance"
	xmlns="http://www.algonquincollege.com/cst8259/labs">
	<restaurant>
		<name>Giovanni's Italia Fine Dinning</name>
		<website>www.giovannis.com</website>
		<logo>
			<logoPath>www.gioviannis.com/img/logo.gif</logoPath>
			<hight unit="pixel">200</hight>
			<width unit="pixel">200</width>
		</logo>
		<address>
			<streetName>5 Lakeview</streetName>
			<city>montreal</city>
			<province>ON</province>
			<postalCode>b1b1b1</postalCode>
		</address>
		<phone>416-123-4567</phone>
		<rating max="5" min="1">2</rating>
		<food>Italian</food>
		<priceReview max="5" min="1">4</priceReview>
		<date>
			<month>1</month>
			<day>10</day>
			<year>2020</year>
		</date>
		<reviewer>Hunter S. Thompson</reviewer>
		<summary>Giovanni’s Italia Fine Dinning is a completely restored Victorian stone house and offers a warm and elegant atmosphere and gracious service.</summary>
		<menu>
			<appetizers>
				<item>
					<name>Crab cakes</name>
					<detail>With a creamy dill sauce served with crispy herbed fries.</detail>
					<price currency="CAD" quantity="1">23</price>
				</item>
				<item>
					<name>Garden vegetable soup with chocolate sauce.</name>
					<detail />
					<price currency="CAD" quantity="1">15</price>
				</item>
				<item>
					<name>Calamari Fritta</name>
					<detail>Tender rings of squid, dusted in flour and lightly fried, served with sun-dried	tomato aioli</detail>
					<price currency="CAD" quantity="1">12.50</price>
				</item>
				<item>
					<name>Charcuterie Board</name>
					<detail>Selection of cheeses and cured meats served with a variety of breads and crostinis</detail>
					<price currency="CAD" quantity="1">20</price>
				</item>
			</appetizers>
			<entrees>
				<item>
					<name>House Specialty</name>
					<detail>
						Pan seared chicken supreme with a sun-dried tomato pistachio pesto cream sauce,
						served with roasted potatoes and seasonal vegetables.
					</detail>
					<price currency="CAD" quantity="1">28</price>
				</item>
				<item>
					<name>Braised jumbo sea scallops on a sun-dried roast tomato base.</name>
					<detail />
					<price currency="CAD" quantity="1">39</price>
				</item>
				<item>
					<name>Free-range chicken breast stuffed with morels in a brandy sauce.</name>
					<detail />
					<price currency="CAD" quantity="1">31</price>
				</item>
				<item>
					<name>Eggplant Pamigiana</name>
					<detail>
						Fresh eggplant, thinly sliced and breaded, topped with
						tomato sauce and mozzarella cheese,	baked golden brown.
						Served with linguine in tomato sauce.
					</detail>
					<price currency="CAD" quantity="1">30</price>
				</item>
				<item>
					<name>Roast pork loin on a bed of garlic ginger apple slaw.</name>
					<detail />
					<price currency="CAD" quantity="1">34</price>
				</item>
			</entrees>
		</menu>
	</restaurant>
	<restaurant>
		<name>Gong’s Asian Cuisine</name>
		<website>www.asiancuisine.com</website>
		<logo>
			<logoPath>www.asiancuisine.com/resouce/images/cuisine.jpg</logoPath>
			<hight unit="pixel">250</hight>
			<width unit="pixel">250</width>
		</logo>
		<address>
			<streetName>1385 Woodroffe</streetName>
			<city>Vancouver</city>
			<province>BC</province>
			<postalCode>K2G 1V8</postalCode>
		</address>
		<phone>613-727-4723</phone>
		<rating max="5" min="1">5</rating>
		<food>Asian</food>
		<priceReview max="5" min="1">1</priceReview>
		<date>
			<month>12</month>
			<day>3</day>
			<year>2020</year>
		</date>
		<reviewer>Brenda P. Smith</reviewer>
		<summary>The food is always consistent. A good variety of dim sum, sushi,
			Chinese and even Vietnamese dishes. The service is quick and the food is plentiful. We sat
			down last night and within seconds of turning in our first order, the plates were on
			the table! The teriyaki dishes had the right amount of sauce and weren't
			sickeningly sweet. The chicken, fish, and beef were perfectly cooked. The makirolls
			were neatly rolled, cut properly and seasoned well. Loved the General Tao
			chicken, the steamed BBQ pork buns, the eel sushi and the lovely eggplant. We
			will be going back again! I would highly recommend it.</summary>
		<menu>
			<appetizers>
				<item>
					<name>Egg Roll</name>
					<detail />
					<price currency="CAD" quantity="1">1.50</price>
					<price currency="CAD" quantity="12">15.00</price>
				</item>
				<item>
					<name>Spring Roll</name>
					<detail />
					<price currency="CAD" quantity="1">1.90</price>
					<price currency="CAD" quantity="12">20.00</price>
				</item>
				<item>
					<name>Shrimp Chips</name>
					<detail />
					<price currency="CAD" quantity="1">2.50</price>
				</item>
				<item>
					<name>Fried Noodles</name>
					<detail />
					<price currency="CAD" quantity="1">1.00</price>
				</item>
				<item>
					<name>Sweet &amp; Sour Fried Wonton Skin</name>
					<detail />
					<price currency="CAD" quantity="12">3.50</price>
				</item>
			</appetizers>
			<entrees>
				<item>
					<name>Scallops with Vegetables</name>
					<detail />
					<price currency="CAD" quantity="1">14.95</price>
				</item>
				<item>
					<name>Sweet and Sour Fish Cantonese Style</name>
					<detail />
					<price currency="CAD" quantity="1">13.95</price>
				</item>
				<item>
					<name>Shrimps with Vegetables</name>
					<detail />
					<price currency="CAD" quantity="1">12.95</price>
				</item>
				<item>
					<name>Beef with Mushroom</name>
					<detail />
					<price currency="CAD" quantity="1">12.25</price>
				</item>
				<item>
					<name>Beef with Tomato</name>
					<detail />
					<price currency="CAD" quantity="1">10.25</price>
				</item>
				<item>
					<name>Beef with Broccoli</name>
					<detail />
					<price currency="CAD" quantity="1">9.25</price>
				</item>
			</entrees>
		</menu>
	</restaurant>
	<restaurant>
		<name>Baker Street TexMex Grill</name>
		<website>www.texmaxgrill.com</website>
		<logo>
			<logoPath>www.texmex.com/images/texmex.jpg</logoPath>
			<hight unit="pixel">150</hight>
			<width unit="pixel">150</width>
		</logo>
		<address>
			<streetName>200 Baker</streetName>
			<city>Ottawa</city>
			<province>ON</province>
			<postalCode>k4a 0m9</postalCode>
		</address>
		<phone>613-333-4444</phone>
		<rating max="5" min="1">3</rating>
		<food>Mexican</food>
		<priceReview max="5" min="1">3</priceReview>
		<date>
			<month>1</month>
			<day>3</day>
			<year>2021</year>
		</date>
		<reviewer>Peter Jones</reviewer>
		<summary>My favorite restaurant in Ottawa. The family who owns it are very warm and
			lovely people. They are incredible at recognizing you when you come back. The
			burritos are super good. You can customize however you want (guac is included!).
			I especially love that there is cactus in the veggie mix; it is a small, special thing
			that sets this place apart from other Mexican spots downtown.</summary>
		<menu>
			<appetizers>
				<item>
					<name>Chips and Pico De Gallo</name>
					<detail>Gluten friendly, vegan, vegetarian</detail>
					<price currency="CAD" quantity="1">7.75</price>
				</item>
				<item>
					<name>Chips and Black Beans and Cheese</name>
					<detail />
					<price currency="CAD" quantity="1">8.75</price>
				</item>
				<item>
					<name>Sopa de Tortilla</name>
					<detail>
						Tomato-based soup topped with homemade tortilla strips, sour
						cream, cheese, and avocado
					</detail>
					<price currency="CAD" quantity="1">6.75</price>
				</item>
				<item>
					<name>Consome de Pollo</name>
					<detail>
						Chicken broth with rice, chickpeas, carrots, peas, and
						shredded chicken, served with cilantro, onion, avocado, and lime.
					</detail>
					<price currency="CAD" quantity="1">9.75</price>
				</item>
			</appetizers>
			<entrees>
				<item>
					<name>Burrito</name>
					<detail>
						Ten-inch flour tortilla filled with black beans, rice, lettuce,cheese,
						pico de gallo, guacamole, and choice of protein.
					</detail>
					<price currency="CAD" quantity="1">10.50</price>
				</item>
				<item>
					<name>Burrito Combo</name>
					<detail>
						Ten-inch flour tortilla filled with black beans,rice, lettuce, cheese,
						pico de gallo, guacamole, and choice of protein.
					</detail>
					<price currency="CAD" quantity="1">13.50</price>
				</item>
				<item>
					<name>Burrito Roja</name>
					<detail>Ten-inch flour tortilla filled with Mexican rice, black beans, guacamole, and choice of protein. Bathed in Chilaquile's homemade salsa roja.</detail>
					<price currency="CAD" quantity="1">16.50</price>
				</item>
				<item>
					<name>Enchiladas</name>
					<detail>
						Gluten friendly. Lightly sauteed corn tortillas, choice of filling,
						covered in Chilaquile's homemade salsa verde or salsa roja, topped with onions,
					</detail>
					<price currency="CAD" quantity="3">18.50</price>
				</item>
				<item>
					<name>Enchiladas de Mole</name>
					<detail>
						Gluten friendly. Lightly sauteed corn tortillas, choice of filling,
						covered in mole sauce, topped with onions, sour cream, and crumbled cheese.
					</detail>
					<price currency="CAD" quantity="3">20.50</price>
				</item>
			</entrees>
		</menu>
	</restaurant>
</restaurants>